{
    "name": "root",
    "gauges": {
        "SaltarPlataformas.Policy.Entropy.mean": {
            "value": 0.5505682826042175,
            "min": 0.5410119891166687,
            "max": 1.028862714767456,
            "count": 5
        },
        "SaltarPlataformas.Policy.Entropy.sum": {
            "value": 5477.05322265625,
            "min": 5420.3994140625,
            "max": 10333.8974609375,
            "count": 5
        },
        "SaltarPlataformas.Environment.EpisodeLength.mean": {
            "value": 25.886486486486486,
            "min": 17.3382084095064,
            "max": 25.886486486486486,
            "count": 5
        },
        "SaltarPlataformas.Environment.EpisodeLength.sum": {
            "value": 9578.0,
            "min": 9484.0,
            "max": 9638.0,
            "count": 5
        },
        "SaltarPlataformas.Step.mean": {
            "value": 49969.0,
            "min": 9993.0,
            "max": 49969.0,
            "count": 5
        },
        "SaltarPlataformas.Step.sum": {
            "value": 49969.0,
            "min": 9993.0,
            "max": 49969.0,
            "count": 5
        },
        "SaltarPlataformas.Policy.ExtrinsicValueEstimate.mean": {
            "value": 4.003911972045898,
            "min": -3.4111573696136475,
            "max": 4.003911972045898,
            "count": 5
        },
        "SaltarPlataformas.Policy.ExtrinsicValueEstimate.sum": {
            "value": 1541.506103515625,
            "min": -1391.752197265625,
            "max": 1930.891357421875,
            "count": 5
        },
        "SaltarPlataformas.Environment.CumulativeReward.mean": {
            "value": 4.750450919286624,
            "min": -4.462833439862287,
            "max": 4.750450919286624,
            "count": 5
        },
        "SaltarPlataformas.Environment.CumulativeReward.sum": {
            "value": 1757.6668401360512,
            "min": -1807.447543144226,
            "max": 2379.889656037092,
            "count": 5
        },
        "SaltarPlataformas.Policy.ExtrinsicReward.mean": {
            "value": 4.750450919286624,
            "min": -4.462833439862287,
            "max": 4.750450919286624,
            "count": 5
        },
        "SaltarPlataformas.Policy.ExtrinsicReward.sum": {
            "value": 1757.6668401360512,
            "min": -1807.447543144226,
            "max": 2379.889656037092,
            "count": 5
        },
        "SaltarPlataformas.Losses.PolicyLoss.mean": {
            "value": 0.07344091787332824,
            "min": 0.06788186847794957,
            "max": 0.07344091787332824,
            "count": 5
        },
        "SaltarPlataformas.Losses.PolicyLoss.sum": {
            "value": 0.3672045893666412,
            "min": 0.27152747391179827,
            "max": 0.3672045893666412,
            "count": 5
        },
        "SaltarPlataformas.Losses.ValueLoss.mean": {
            "value": 0.5486840583384037,
            "min": 0.5486840583384037,
            "max": 13.484072274218,
            "count": 5
        },
        "SaltarPlataformas.Losses.ValueLoss.sum": {
            "value": 2.7434202916920185,
            "min": 2.7434202916920185,
            "max": 53.936289096872,
            "count": 5
        },
        "SaltarPlataformas.Policy.LearningRate.mean": {
            "value": 0.00028631310456229996,
            "min": 0.00028631310456229996,
            "max": 0.00029844555051815,
            "count": 5
        },
        "SaltarPlataformas.Policy.LearningRate.sum": {
            "value": 0.0014315655228115,
            "min": 0.0011937822020726,
            "max": 0.0014782464072512,
            "count": 5
        },
        "SaltarPlataformas.Policy.Epsilon.mean": {
            "value": 0.1954377,
            "min": 0.1954377,
            "max": 0.19948185000000002,
            "count": 5
        },
        "SaltarPlataformas.Policy.Epsilon.sum": {
            "value": 0.9771885,
            "min": 0.7979274000000001,
            "max": 0.9927488000000001,
            "count": 5
        },
        "SaltarPlataformas.Policy.Beta.mean": {
            "value": 0.00477234123,
            "min": 0.00477234123,
            "max": 0.004974144315,
            "count": 5
        },
        "SaltarPlataformas.Policy.Beta.sum": {
            "value": 0.023861706150000002,
            "min": 0.01989657726,
            "max": 0.02463816512,
            "count": 5
        },
        "SaltarPlataformas.IsTraining.mean": {
            "value": 1.0,
            "min": 1.0,
            "max": 1.0,
            "count": 5
        },
        "SaltarPlataformas.IsTraining.sum": {
            "value": 1.0,
            "min": 1.0,
            "max": 1.0,
            "count": 5
        }
    },
    "metadata": {
        "timer_format_version": "0.1.0",
        "start_time_seconds": "1782582640",
        "python_version": "3.10.12 (main, Jul  5 2023, 15:02:25) [Clang 14.0.6 ]",
        "command_line_arguments": "/opt/miniconda3/envs/mlagents/bin/mlagents-learn saltar_plataformas.yaml --run-id=SaltarPlataformas126",
        "mlagents_version": "1.1.0",
        "mlagents_envs_version": "1.1.0",
        "communication_protocol_version": "1.5.0",
        "pytorch_version": "2.2.2",
        "numpy_version": "1.23.5",
        "end_time_seconds": "1782582879"
    },
    "total": 239.13049137499183,
    "count": 1,
    "self": 0.0024232501164078712,
    "children": {
        "run_training.setup": {
            "total": 0.023465791950002313,
            "count": 1,
            "self": 0.023465791950002313
        },
        "TrainerController.start_learning": {
            "total": 239.10460233292542,
            "count": 1,
            "self": 0.2998704230412841,
            "children": {
                "TrainerController._reset_env": {
                    "total": 9.715215125121176,
                    "count": 1,
                    "self": 9.715215125121176
                },
                "TrainerController.advance": {
                    "total": 229.04370240983553,
                    "count": 54357,
                    "self": 0.2644408408086747,
                    "children": {
                        "env_step": {
                            "total": 223.2017833495047,
                            "count": 54357,
                            "self": 211.24050207762048,
                            "children": {
                                "SubprocessEnvManager._take_step": {
                                    "total": 11.76419753045775,
                                    "count": 54357,
                                    "self": 0.5269327620044351,
                                    "children": {
                                        "TorchPolicy.evaluate": {
                                            "total": 11.237264768453315,
                                            "count": 52136,
                                            "self": 11.237264768453315
                                        }
                                    }
                                },
                                "workers": {
                                    "total": 0.1970837414264679,
                                    "count": 54356,
                                    "self": 0.0,
                                    "children": {
                                        "worker_root": {
                                            "total": 228.32474476727657,
                                            "count": 54356,
                                            "is_parallel": true,
                                            "self": 30.541545893531293,
                                            "children": {
                                                "steps_from_proto": {
                                                    "total": 0.001124667003750801,
                                                    "count": 1,